<annotation><filename>m2_s03_201_p_ic020.jpg</filename><folder>users/joselusava//eg</folder><source><submittedBy>Jose Saca</submittedBy></source><imagesize><nrows>3000</nrows><ncols>4496</ncols></imagesize><object><name>m2_s03_219_p_ic020</name><deleted>0</deleted><verified>0</verified><occluded>no</occluded><attributes></attributes><parts><hasparts></hasparts><ispartof></ispartof></parts><date>16-09-20 12:55:25:723</date><id>0</id><type>bounding_box</type><polygon><username>anonymous</username><pt><x>842</x><y>155</y><time>16-09-20 12:55:10:474</time></pt><pt><x>3754</x><y>155</y><time>16-09-20 12:55:12:206</time></pt><pt><x>3754</x><y>2860</y><time>undefined</time></pt><pt><x>842</x><y>2860</y><time>undefined</time></pt><closed_date>16-09-20 12:55:12:208</closed_date></polygon></object></annotation>