<annotation><filename>m1_s03-04_074_x.jpg</filename><folder>users/joselusava//valeria/sala03y04</folder><source><submittedBy>Jose Saca</submittedBy></source><imagesize><nrows>3200</nrows><ncols>4800</ncols></imagesize><object><name>m1_s03_s04_074_x</name><deleted>0</deleted><verified>0</verified><occluded>no</occluded><attributes></attributes><parts><hasparts></hasparts><ispartof></ispartof></parts><date>28-08-20 19:46:02:345</date><id>0</id><type>bounding_box</type><polygon><username>anonymous</username><pt><x>4612</x><y>3103</y><time>28-08-20 19:45:50:490</time></pt><pt><x>118</x><y>3103</y><time>28-08-20 19:45:57:402</time></pt><pt><x>118</x><y>102</y><time>undefined</time></pt><pt><x>4612</x><y>102</y><time>undefined</time></pt><closed_date>28-08-20 19:45:57:403</closed_date></polygon></object></annotation>