<annotation><filename>m4_s12_186_p_nic082.jpg</filename><folder>users/joselusava//m4_js/186/nic</folder><source><submittedBy>Jose Saca</submittedBy></source><imagesize><nrows>3899</nrows><ncols>5844</ncols></imagesize><object><name>m4_s12_186_p_nic081</name><deleted>0</deleted><verified>0</verified><occluded>no</occluded><attributes></attributes><parts><hasparts></hasparts><ispartof></ispartof></parts><date>18-10-20 12:17:02:061</date><id>0</id><type>bounding_box</type><polygon><username>anonymous</username><pt><x>5832</x><y>3651</y><time>18-10-20 12:16:59:810</time></pt><pt><x>3126</x><y>3651</y><time>18-10-20 12:17:01:343</time></pt><pt><x>3126</x><y>257</y><time>undefined</time></pt><pt><x>5832</x><y>257</y><time>undefined</time></pt><closed_date>18-10-20 12:17:01:343</closed_date></polygon></object></annotation>