<annotation><filename>m1_s01_001_p_nic090.jpg</filename><folder>users/joselusava//juancarlos</folder><source><submittedBy>Jose Saca</submittedBy></source><imagesize><nrows>3200</nrows><ncols>4800</ncols></imagesize><object><name>m1_s01_001_p_nic090</name><deleted>0</deleted><verified>0</verified><occluded>no</occluded><attributes></attributes><parts><hasparts></hasparts><ispartof></ispartof></parts><date>11-09-20 17:15:48:570</date><id>0</id><type>bounding_box</type><polygon><username>anonymous</username><pt><x>194</x><y>1675</y><time>11-09-20 17:15:36:556</time></pt><pt><x>1947</x><y>1675</y><time>11-09-20 17:15:39:635</time></pt><pt><x>1947</x><y>2784</y><time>undefined</time></pt><pt><x>194</x><y>2784</y><time>undefined</time></pt><closed_date>11-09-20 17:15:39:637</closed_date></polygon></object></annotation>